sample_id,DACH1_expr,burden_index,CADM1_meth,ESR1_meth,SLIT2_meth,EDNRB_meth
TCGA-2W-A8YY-01,93.3476,0.45081428571428567,0.058,0.7074,0.1549,0.6211
TCGA-4J-AA1J-01,19.6497,0.21437142857142857,0.4667,0.8567,0.4899,0.7593
TCGA-BI-A0VR-01,143.4326,0.2061714285714286,0.4695,0.8528,0.2536,0.5128
TCGA-BI-A0VS-01,23.7706,0.3269,0.4819,0.7647,0.5915,0.6111
TCGA-BI-A20A-01,50.9638,0.40801428571428566,0.5592,0.7149,0.1922,0.5984
TCGA-C5-A0TN-01,2.9766,0.30258571428571424,0.8063,0.944,0.1004,0.648
TCGA-C5-A1BE-01,8.8757,0.2583714285714286,0.1674,0.8799,0.1041,0.5822
TCGA-C5-A1BF-01,77.3877,0.33172857142857143,0.1013,0.9463,0.0894,0.5859
TCGA-C5-A1BI-01,14.8674,0.3638571428571429,0.2802,0.773,0.3583,0.3172
TCGA-C5-A1BJ-01,21.1457,0.34718571428571426,0.4248,0.8719,0.4105,0.2808
TCGA-C5-A1BK-01,13.7118,0.32418571428571424,0.3967,0.9377,0.3381,0.4147
TCGA-C5-A1BL-01,1.8042,0.30474285714285715,0.5864,0.9306,0.4543,0.6315
TCGA-C5-A1BM-01,60.6646,0.25565714285714286,0.1598,0.7373,0.1729,0.4285
TCGA-C5-A1BN-01,10.6258,0.2961571428571429,0.5195,0.9282,0.6487,0.7309
TCGA-C5-A1BQ-01,5.2272,0.1859,0.3258,0.4278,0.7102,0.6711
TCGA-C5-A1M5-01,15.3071,0.34528571428571425,0.6649,0.9106,0.1616,0.674
TCGA-C5-A1M6-01,9.0863,0.27392857142857147,0.5936,0.478,0.715,0.7135
TCGA-C5-A1M7-01,11.0375,0.3949571428571429,0.3998,0.8669,0.5175,0.4052
TCGA-C5-A1M8-01,528.2008,0.3206142857142857,0.1957,0.9269,0.6562,0.8588
TCGA-C5-A1MF-01,74.946,0.23342857142857149,0.0793,0.8727,0.1182,0.6959
TCGA-C5-A1MH-01,25.2127,0.30469999999999997,0.3553,0.8765,0.4161,0.3152
TCGA-C5-A1MI-01,46.4185,0.21685714285714286,0.3141,0.719,0.1064,0.7269
TCGA-C5-A1MK-01,244.3946,0.31099999999999994,0.1826,0.6232,0.5132,0.5318
TCGA-C5-A1ML-01,604.7134,0.23618571428571428,0.0789,0.8865,0.1221,0.7814
TCGA-C5-A1MN-01,3.0453,0.38689999999999997,0.7094,0.9414,0.7308,0.6493
TCGA-C5-A1MP-01,361.5619,0.2740571428571429,0.4245,0.8826,0.1409,0.5621
TCGA-C5-A1MQ-01,9.2603,0.3839428571428571,0.3977,0.8884,0.1567,0.5304
TCGA-C5-A2LT-01,6.4735,0.40351428571428577,0.6488,0.9345,0.3466,0.5905
TCGA-C5-A2LV-01,5.8716,0.3974285714285714,0.7469,0.9424,0.7384,0.7711
TCGA-C5-A2LX-01,9.6403,0.28895714285714286,0.6068,0.6566,0.1702,0.618
TCGA-C5-A2LY-01,7.1389,0.3390142857142857,0.1664,0.9238,0.6145,0.602
TCGA-C5-A2LZ-01,23.2635,0.20938571428571429,0.5362,0.7438,0.6273,0.6588
TCGA-C5-A3HD-01,3.9882,0.3100571428571429,0.8352,0.9112,0.0788,0.8189
TCGA-C5-A3HE-01,14.3899,0.3268571428571429,0.5506,0.9145,0.2674,0.4708
TCGA-C5-A3HL-01,263.8311,0.21728571428571428,0.4572,0.9018,0.1004,0.5684
TCGA-C5-A7CG-01,28.2465,0.31717142857142855,0.424,0.8991,0.6348,0.4724
TCGA-C5-A7CH-01,4.9652,0.31764285714285717,0.6717,0.9177,0.195,0.6951
TCGA-C5-A7CJ-01,151.0757,0.2823428571428571,0.3112,0.8999,0.5637,0.4439
TCGA-C5-A7CK-01,17.3706,0.4186285714285714,0.6105,0.823,0.5685,0.5257
TCGA-C5-A7CL-01,12.2915,0.3138571428571429,0.1268,0.7436,0.1334,0.5137
TCGA-C5-A7CO-01,4.9583,0.2634714285714286,0.6069,0.9031,0.6407,0.6209
TCGA-C5-A7UC-01,6.4889,0.2312285714285714,0.1326,0.9032,0.6685,0.6627
TCGA-C5-A7UE-01,12.2019,0.37782857142857146,0.4711,0.8508,0.157,0.4516
TCGA-C5-A7UH-01,10.848,0.16122857142857144,0.5932,0.4599,0.159,0.6521
TCGA-C5-A7UI-01,12.615,0.3350714285714286,0.5671,0.7988,0.4755,0.5622
TCGA-C5-A7X3-01,6.7758,0.3835714285714286,0.257,0.8852,0.275,0.3577
TCGA-C5-A7X5-01,1.1228,0.48807142857142854,0.8509,0.932,0.8509,0.8611
TCGA-C5-A7XC-01,113.4853,0.21332857142857145,0.0957,0.7982,0.2898,0.5767
TCGA-C5-A8XH-01,9.2539,0.3431571428571429,0.4925,0.9408,0.6839,0.6126
TCGA-C5-A8XI-01,85.2102,0.26625714285714286,0.7028,0.9285,0.811,0.7043
TCGA-C5-A8XJ-01,512.1669,0.2492857142857143,0.1268,0.274,0.145,0.5155
TCGA-C5-A8XK-01,12.5701,0.3324142857142857,0.4947,0.8422,0.3704,0.6229
TCGA-C5-A8YQ-01,5.3659,0.23118571428571427,0.0706,0.7502,0.8356,0.8361
TCGA-C5-A8YR-01,3.6515,0.33837142857142855,0.0418,0.8536,0.1885,0.6369
TCGA-C5-A8YT-01,348.6286,0.3490285714285714,0.1167,0.2207,0.1168,0.0465
TCGA-C5-A8ZZ-01,36.6168,0.24307142857142858,0.0764,0.7611,0.0784,0.5614
TCGA-C5-A901-01,27.4329,0.3616857142857143,0.5531,0.8021,0.7315,0.6846
TCGA-C5-A902-01,14.4811,0.3347857142857143,0.0808,0.9565,0.8633,0.7612
TCGA-C5-A905-01,5.8166,0.0759857142857143,0.8723,0.4047,0.9295,0.892
TCGA-C5-A907-01,3.9506,0.41509999999999997,0.0794,0.9393,0.1106,0.6518
TCGA-DG-A2KJ-01,8.5366,0.3199142857142857,0.1294,0.9124,0.1862,0.5357
TCGA-DG-A2KK-01,84.8427,0.3973,0.1086,0.9442,0.1044,0.8063
TCGA-DG-A2KL-01,4.0577,0.2315,0.4537,0.3718,0.1338,0.5844
TCGA-DG-A2KM-01,33.1111,0.3268285714285714,0.2443,0.9387,0.2132,0.3137
TCGA-DR-A0ZL-01,9.2826,0.33991428571428567,0.1729,0.8993,0.4362,0.3006
TCGA-DR-A0ZM-01,5.4054,0.21735714285714286,0.4252,0.8787,0.5513,0.5478
TCGA-DS-A0VK-01,18.5107,0.27317142857142857,0.6348,0.8513,0.5252,0.5459
TCGA-DS-A0VL-01,11.3273,0.15067142857142857,0.3057,0.9475,0.1857,0.6804
TCGA-DS-A0VM-01,7.0906,0.3370285714285715,0.7118,0.4681,0.702,0.674
TCGA-DS-A0VN-01,8.094,0.2669142857142857,0.6119,0.9401,0.4046,0.4978
TCGA-DS-A1O9-01,22.9807,0.4394857142857143,0.6368,0.5236,0.4689,0.5649
TCGA-DS-A1OA-01,11.8366,0.1979714285714286,0.7277,0.4311,0.5268,0.6803
TCGA-DS-A1OB-01,18.6423,0.30432857142857145,0.0995,0.7589,0.352,0.5909
TCGA-DS-A1OC-01,40.1163,0.4951142857142858,0.5063,0.7556,0.6854,0.6541
TCGA-DS-A1OD-01,36.1764,0.2822142857142857,0.4819,0.8701,0.5935,0.5232
TCGA-DS-A3LQ-01,36.2584,0.42748571428571436,0.5146,0.9279,0.4308,0.5525
TCGA-DS-A5RQ-01,46.3068,0.1808,0.5676,0.9031,0.6066,0.6364
TCGA-DS-A7WI-01,4.4053,0.34082857142857137,0.7204,0.9272,0.1021,0.8032
TCGA-EA-A1QS-01,48.1283,0.30455714285714286,0.1479,0.7277,0.5024,0.3261
TCGA-EA-A1QT-01,6.3105,0.3395714285714285,0.8463,0.9402,0.839,0.7786
TCGA-EA-A3HQ-01,37.0922,0.30182857142857145,0.6004,0.2912,0.7281,0.731
TCGA-EA-A3HR-01,287.1824,0.21302857142857143,0.2488,0.8878,0.6095,0.7328
TCGA-EA-A3HS-01,92.0782,0.29932857142857144,0.3053,0.8195,0.7231,0.7169
TCGA-EA-A3HT-01,10.1222,0.2190142857142857,0.3967,0.7968,0.104,0.5628
TCGA-EA-A3HU-01,23.4375,0.29380000000000006,0.1321,0.9292,0.1168,0.5642
TCGA-EA-A3QD-01,16.9242,0.4445428571428572,0.4735,0.9349,0.5942,0.6507
TCGA-EA-A3QE-01,13.4021,0.3377857142857143,0.205,0.8998,0.4991,0.3268
TCGA-EA-A3Y4-01,16.2119,0.31301428571428574,0.5559,0.8789,0.6072,0.5129
TCGA-EA-A410-01,888.5325,0.2582,0.0422,0.2867,0.0998,0.0512
TCGA-EA-A411-01,111.4528,0.24928571428571428,0.4248,0.7334,0.2176,0.3425
TCGA-EA-A439-01,74.2809,0.33895714285714285,0.5902,0.8067,0.0974,0.5925
TCGA-EA-A43B-01,14.9966,0.30378571428571427,0.3397,0.9078,0.3876,0.5122
TCGA-EA-A44S-01,16.9416,0.2540428571428571,0.0725,0.9117,0.0872,0.6004
TCGA-EA-A50E-01,25.5247,0.4448285714285714,0.429,0.9259,0.6065,0.5086
TCGA-EA-A5FO-01,13.0168,0.18624285714285715,0.4896,0.7151,0.1086,0.8794
TCGA-EA-A5O9-01,3.2077,0.35937142857142856,0.7871,0.951,0.7469,0.8493
TCGA-EA-A5ZD-01,16.3639,0.28377142857142856,0.126,0.9193,0.4597,0.4842
TCGA-EA-A5ZE-01,61.3599,0.30604285714285717,0.6087,0.9176,0.672,0.6368
TCGA-EA-A5ZF-01,220.2136,0.17642857142857143,0.4859,0.6238,0.0658,0.7685
TCGA-EA-A6QX-01,4.3418,0.16765714285714287,0.6731,0.4505,0.7982,0.7134
TCGA-EA-A78R-01,6.4525,0.34761428571428565,0.3457,0.9299,0.4029,0.3698
TCGA-EA-A97N-01,11.846,0.14057142857142854,0.152,0.92,0.1948,0.6422
TCGA-EK-A2GZ-01,179.41,0.33558571428571426,0.4465,0.8691,0.0792,0.505
TCGA-EK-A2H0-01,1.7224,0.5144857142857143,0.6824,0.9415,0.7352,0.6562
TCGA-EK-A2H1-01,8.4405,0.3755571428571428,0.3722,0.9221,0.132,0.4032
TCGA-EK-A2IP-01,5.4439,0.36482857142857145,0.4931,0.9509,0.1163,0.8105
TCGA-EK-A2IR-01,67.6,0.36197142857142856,0.1002,0.9306,0.0842,0.708
TCGA-EK-A2PG-01,6.0092,0.29107142857142854,0.6847,0.8289,0.8156,0.8165
TCGA-EK-A2PI-01,26.7362,0.4469,0.4884,0.9123,0.0738,0.6992
TCGA-EK-A2PK-01,17.3254,0.40447142857142854,0.377,0.9049,0.0895,0.45
TCGA-EK-A2PL-01,3.937,0.4240714285714286,0.724,0.6432,0.3213,0.7338
TCGA-EK-A2PM-01,134.0178,0.3113428571428571,0.2959,0.6976,0.5414,0.7839
TCGA-EK-A2R7-01,149.677,0.2444714285714286,0.4067,0.8828,0.156,0.6672
TCGA-EK-A2R8-01,9.4933,0.30958571428571424,0.269,0.5126,0.0755,0.4133
TCGA-EK-A2R9-01,181.8353,0.24417142857142857,0.7224,0.4551,0.1001,0.7039
TCGA-EK-A2RA-01,4.6875,0.2761571428571428,0.6895,0.9184,0.6793,0.689
TCGA-EK-A2RB-01,2.7635,0.42001428571428573,0.7632,0.9189,0.804,0.6722
TCGA-EK-A2RC-01,109.7757,0.28157142857142853,0.1749,0.8947,0.1789,0.594
TCGA-EK-A2RE-01,1.6859,0.3352,0.049,0.9228,0.0903,0.8085
TCGA-EK-A2RJ-01,13.2002,0.36624285714285715,0.2197,0.7972,0.3008,0.313
TCGA-EK-A2RK-01,41.4545,0.31935714285714284,0.6961,0.5997,0.2867,0.7014
TCGA-EK-A2RM-01,3.8476,0.20677142857142858,0.3114,0.8845,0.0616,0.7949
TCGA-EK-A2RN-01,4.7986,0.19474285714285713,0.061,0.743,0.1086,0.6418
TCGA-EK-A2RO-01,12.5902,0.2679714285714286,0.171,0.8963,0.1376,0.6461
TCGA-EK-A3GJ-01,3.252,0.3952428571428571,0.7284,0.9332,0.6899,0.7583
TCGA-EK-A3GN-01,0.6345,0.3485857142857142,0.634,0.8486,0.3571,0.6377
TCGA-EX-A1H5-01,7.3592,0.2873,0.6703,0.9278,0.5356,0.6928
TCGA-EX-A3L1-01,21.0546,0.38632857142857147,0.3671,0.9389,0.0824,0.3222
TCGA-EX-A69L-01,30.0501,0.30671428571428566,0.4542,0.8892,0.1181,0.5699
TCGA-EX-A69M-01,6.6376,0.4360428571428572,0.1792,0.9411,0.1234,0.6663
TCGA-EX-A8YF-01,11.1508,0.3160142857142857,0.1427,0.9182,0.1307,0.6439
TCGA-FU-A23K-01,63.7074,0.3552857142857143,0.6531,0.9227,0.1721,0.6381
TCGA-FU-A23L-01,52.3288,0.20711428571428575,0.1163,0.8301,0.1521,0.4764
TCGA-FU-A2QG-01,4.5724,0.33312857142857144,0.1205,0.8877,0.2089,0.8096
TCGA-FU-A3HY-01,3.3061,0.24644285714285716,0.608,0.9279,0.7056,0.7179
TCGA-FU-A3HZ-01,1545.504,0.2298571428571429,0.0926,0.2563,0.0878,0.1604
TCGA-FU-A3NI-01,27.9801,0.33552857142857145,0.4683,0.9226,0.6546,0.5549
TCGA-FU-A3TQ-01,12.6015,0.27728571428571425,0.1775,0.9391,0.0937,0.6078
TCGA-FU-A3TX-01,58.0766,0.20422857142857143,0.3019,0.6573,0.0641,0.8186
TCGA-FU-A3WB-01,125.0077,0.36607142857142855,0.1651,0.9385,0.0748,0.8731
TCGA-FU-A3YQ-01,31.8803,0.3958714285714286,0.3825,0.9119,0.4677,0.3587
TCGA-FU-A5XV-01,7.4758,0.3390142857142857,0.3269,0.9351,0.3363,0.6822
TCGA-GH-A9DA-01,5.4175,0.36475714285714284,0.7106,0.9388,0.3052,0.6588
TCGA-HG-A2PA-01,145.3655,0.3803142857142857,0.3134,0.8536,0.3845,0.2634
TCGA-HM-A3JJ-01,13.6111,0.3649571428571429,0.5179,0.879,0.4132,0.4878
TCGA-HM-A3JK-01,24.4267,0.2575571428571429,0.5411,0.8246,0.571,0.4464
TCGA-HM-A4S6-01,2.5554,0.2248857142857143,0.4525,0.9007,0.3489,0.4926
TCGA-IR-A3L7-01,51.0211,0.3303285714285714,0.7011,0.1977,0.7365,0.7735
TCGA-IR-A3LC-01,27.031,0.3887,0.6204,0.8219,0.7625,0.6916
TCGA-IR-A3LH-01,21.5912,0.33421428571428574,0.4201,0.7271,0.5215,0.4882
TCGA-IR-A3LK-01,3.5362,0.1283857142857143,0.0799,0.94,0.8047,0.8149
TCGA-IR-A3LL-01,1.1728,0.33791428571428567,0.4453,0.9423,0.5824,0.4334
TCGA-JW-A5VG-01,4.1734,0.2982714285714286,0.0743,0.9221,0.1289,0.577
TCGA-JW-A5VH-01,949.436,0.19740000000000002,0.047,0.3703,0.0812,0.0316
TCGA-JW-A5VI-01,10.032,0.4424,0.3941,0.9117,0.3351,0.5843
TCGA-JW-A5VJ-01,12.5101,0.22601428571428572,0.0702,0.8841,0.1281,0.3022
TCGA-JW-A5VK-01,81.6787,0.2369857142857143,0.8465,0.9459,0.8712,0.9059
TCGA-JW-A5VL-01,5.3102,0.14924285714285715,0.7855,0.9375,0.7797,0.766
TCGA-JW-A852-01,7.634,0.31052857142857143,0.3409,0.9333,0.8124,0.7123
TCGA-JW-AAVH-01,9.5694,0.14261428571428572,0.4866,0.9164,0.2435,0.8386
TCGA-JX-A3PZ-01,5.0505,0.3314428571428571,0.6118,0.5623,0.3788,0.4185
TCGA-JX-A3Q0-01,7.2797,0.12901428571428572,0.4728,0.6841,0.1106,0.7604
TCGA-JX-A5QV-01,1.8004,0.22538571428571427,0.0942,0.9445,0.1283,0.696
TCGA-LP-A4AU-01,22.0881,0.32345714285714283,0.2194,0.7358,0.1142,0.2764
TCGA-LP-A4AV-01,5.8431,0.38965714285714287,0.6364,0.8425,0.6714,0.5947
TCGA-LP-A4AW-01,23.9061,0.27459999999999996,0.4628,0.8641,0.4514,0.4446
TCGA-LP-A4AX-01,14.0698,0.39912857142857144,0.1572,0.9225,0.1493,0.2424
TCGA-LP-A5U3-01,11.236,0.20537142857142857,0.3655,0.933,0.802,0.8008
TCGA-MA-AA3W-01,5.4107,0.3135,0.3977,0.9238,0.54,0.3871
TCGA-MA-AA3X-01,10.1646,0.19404285714285716,0.5729,0.5585,0.5065,0.6521
TCGA-MA-AA3Y-01,10.2515,0.3731428571428572,0.1248,0.9285,0.5436,0.4555
TCGA-MA-AA3Z-01,1.4249,0.19560000000000002,0.4532,0.9095,0.6323,0.5917
TCGA-MA-AA41-01,3.4739,0.3256571428571428,0.4044,0.9174,0.72,0.6651
TCGA-MA-AA42-01,4.4161,0.4178285714285714,0.5792,0.6861,0.6407,0.5437
TCGA-MA-AA43-01,205.7118,0.4289428571428572,0.3057,0.4738,0.1616,0.5974
TCGA-MU-A51Y-01,30.4276,0.23397142857142858,0.4394,0.8268,0.2378,0.4953
TCGA-MU-A5YI-01,217.2061,0.27422857142857143,0.5352,0.4281,0.7527,0.5657
TCGA-MU-A8JM-01,12.8218,0.2736,0.5063,0.9271,0.5321,0.662
TCGA-MY-A5BD-01,49.9313,0.1403285714285714,0.0399,0.4809,0.0596,0.9079
TCGA-MY-A5BE-01,26.087,0.37717142857142866,0.2602,0.9288,0.2468,0.3669
TCGA-MY-A5BF-01,5.4895,0.3030428571428571,0.6933,0.8332,0.0941,0.7706
TCGA-MY-A913-01,8.9795,0.3728428571428571,0.331,0.851,0.1598,0.6471
TCGA-PN-A8MA-01,216.1905,0.4346000000000001,0.0721,0.1889,0.06,0.8581
TCGA-Q1-A5R2-01,0.4622,0.30684285714285714,0.521,0.7831,0.6404,0.6493
TCGA-Q1-A5R3-01,11.5942,0.14344285714285715,0.4216,0.6752,0.2004,0.6714
TCGA-Q1-A6DT-01,0.5163,0.47718571428571427,0.39,0.8999,0.6079,0.5961
TCGA-Q1-A6DW-01,54.0123,0.2413,0.5533,0.3867,0.7972,0.6613
TCGA-Q1-A73O-01,17.6096,0.34695714285714285,0.1733,0.9232,0.6188,0.4405
TCGA-Q1-A73Q-01,66.7539,0.3608142857142858,0.0867,0.9251,0.0922,0.79
TCGA-R2-A69V-01,19.783,0.38995714285714284,0.1652,0.8979,0.1679,0.2542
TCGA-RA-A741-01,7.4296,0.24244285714285715,0.5011,0.4028,0.6077,0.5312
TCGA-UC-A7PD-01,6.4328,0.3692142857142858,0.253,0.9303,0.1826,0.5914
TCGA-UC-A7PF-01,119.7917,0.36572857142857146,0.3243,0.9003,0.2545,0.4527
TCGA-UC-A7PG-01,189.8613,0.2744,0.075,0.8791,0.1437,0.5366
TCGA-VS-A8EB-01,5.3542,0.25185714285714284,0.8542,0.9179,0.1228,0.8528
TCGA-VS-A8EC-01,9.4527,0.2291857142857143,0.4819,0.7136,0.8828,0.8161
TCGA-VS-A8EG-01,36.5636,0.23392857142857143,0.7939,0.9446,0.0788,0.8154
TCGA-VS-A8EH-01,47.1101,0.33425714285714286,0.4584,0.9163,0.0664,0.7625
TCGA-VS-A8EI-01,12.7374,0.40864285714285714,0.4269,0.9266,0.6205,0.4072
TCGA-VS-A8EJ-01,207.0031,0.2722142857142857,0.0423,0.0725,0.1049,0.0456
TCGA-VS-A8EK-01,19.2732,0.2894571428571428,0.0892,0.7747,0.7398,0.5744
TCGA-VS-A8EL-01,1.6441,0.3064714285714286,0.4361,0.9234,0.6645,0.4549
TCGA-VS-A8Q8-01,12.828,0.37797142857142857,0.5369,0.9447,0.5461,0.7127
TCGA-VS-A8Q9-01,2.3048,0.4425428571428572,0.5961,0.888,0.7621,0.6844
TCGA-VS-A8QA-01,317.7834,0.44865714285714287,0.4844,0.9497,0.089,0.7967
TCGA-VS-A8QC-01,12.7694,0.41552857142857136,0.7572,0.6227,0.802,0.759
TCGA-VS-A8QF-01,16.4165,0.37864285714285717,0.5781,0.9403,0.7122,0.6743
TCGA-VS-A8QM-01,154.6111,0.27754285714285715,0.2958,0.7998,0.2698,0.3051
TCGA-VS-A94W-01,18.2524,0.41707142857142854,0.3127,0.9108,0.1457,0.5644
TCGA-VS-A94X-01,2.6281,0.19340000000000002,0.1183,0.5305,0.1617,0.6086
TCGA-VS-A94Y-01,4.7031,0.4966,0.5802,0.8946,0.6902,0.6166
TCGA-VS-A94Z-01,31.171,0.3194714285714286,0.3817,0.6233,0.6115,0.4506
TCGA-VS-A950-01,5.9561,0.3901428571428572,0.4784,0.92,0.6828,0.6537
TCGA-VS-A953-01,10.2328,0.40722857142857144,0.7708,0.9415,0.9022,0.8994
TCGA-VS-A954-01,4.1076,0.3007857142857143,0.5818,0.8357,0.7931,0.7851
TCGA-VS-A957-01,415.814,0.1765142857142857,0.8706,0.8935,0.2495,0.8913
TCGA-VS-A958-01,7.1942,0.21244285714285713,0.2815,0.6208,0.5004,0.4871
TCGA-VS-A959-01,35.8491,0.2731,0.0988,0.8563,0.1534,0.461
TCGA-VS-A9U5-01,16.1194,0.3932857142857143,0.5856,0.8829,0.5691,0.5689
TCGA-VS-A9U6-01,17.9147,0.2271857142857143,0.5217,0.8943,0.0848,0.6069
TCGA-VS-A9U7-01,36.2529,0.22642857142857142,0.6998,0.8731,0.813,0.8723
TCGA-VS-A9UB-01,6.6951,0.33127142857142855,0.0828,0.8471,0.1299,0.5178
TCGA-VS-A9UC-01,19.368,0.38855714285714277,0.6707,0.6886,0.7265,0.7657
TCGA-VS-A9UD-01,55.2632,0.4660285714285714,0.2445,0.9441,0.1556,0.543
TCGA-VS-A9UH-01,5.1582,0.37311428571428573,0.3535,0.9135,0.5024,0.3367
TCGA-VS-A9UI-01,2.1056,0.20337142857142856,0.0996,0.8145,0.6286,0.5746
TCGA-VS-A9UJ-01,240.0691,0.19157142857142856,0.0629,0.3374,0.0899,0.1205
TCGA-VS-A9UL-01,406.4327,0.3744285714285714,0.0735,0.6885,0.1034,0.8497
TCGA-VS-A9UM-01,52.4906,0.2574571428571429,0.1227,0.588,0.586,0.5293
TCGA-VS-A9UU-01,3.1274,0.38649999999999995,0.1457,0.8721,0.6327,0.3881
TCGA-VS-A9UV-01,9.1954,0.3581,0.8527,0.6115,0.8047,0.8142
TCGA-VS-A9UY-01,10.412,0.21125714285714287,0.7934,0.7046,0.8076,0.7677
TCGA-VS-A9V2-01,25.2154,0.41602857142857147,0.2982,0.9189,0.6346,0.5052
TCGA-VS-A9V3-01,10.0059,0.23985714285714282,0.7,0.6405,0.7573,0.7019
TCGA-VS-AA62-01,12.5219,0.3263428571428571,0.3328,0.9287,0.3502,0.3425
TCGA-WL-A834-01,270.6511,0.33461428571428575,0.7387,0.9256,0.6732,0.6993
TCGA-XS-A8TJ-01,29.0494,0.36128571428571427,0.5118,0.8943,0.5602,0.4917
TCGA-ZJ-A8QO-01,23.5317,0.42231428571428575,0.1506,0.9294,0.6749,0.6233
TCGA-ZJ-A8QQ-01,6.9626,0.5193285714285715,0.7521,0.9517,0.7438,0.6962
TCGA-ZJ-A8QR-01,6.383,0.2821142857142857,0.6288,0.9271,0.0946,0.7673
TCGA-ZJ-AAX4-01,17.1464,0.24217142857142862,0.6415,0.8797,0.7663,0.7127
TCGA-ZJ-AAX8-01,30.3534,0.29222857142857145,0.1545,0.8497,0.3978,0.3424
TCGA-ZJ-AAXA-01,6.4713,0.07017142857142858,0.4188,0.7775,0.1325,0.1736
TCGA-ZJ-AAXD-01,4.583,0.32730000000000004,0.2068,0.8617,0.546,0.6141
TCGA-ZJ-AAXF-01,26.2097,0.27921428571428575,0.3921,0.8287,0.1465,0.3623
TCGA-ZJ-AAXI-01,33.241,0.1552,0.3068,0.7314,0.2944,0.7394
TCGA-ZJ-AAXJ-01,76.4434,0.32317142857142855,0.7043,0.9029,0.6402,0.722
TCGA-ZJ-AAXN-01,17.2515,0.35942857142857143,0.0675,0.8791,0.0596,0.7009
TCGA-ZJ-AAXT-01,10.2477,0.3390142857142857,0.4684,0.8882,0.1209,0.5586
TCGA-ZJ-AAXU-01,8.2864,0.2875571428571429,0.4646,0.9263,0.618,0.58
TCGA-ZJ-AB0H-01,7.8883,0.23975714285714286,0.4857,0.8324,0.277,0.5405
TCGA-ZJ-AB0I-01,4.2373,0.21135714285714283,0.5151,0.7514,0.1055,0.8039
TCGA-ZX-AA5X-01,54.9111,0.39008571428571426,0.3825,0.7685,0.1398,0.3412
