patient_id	expression_gsm_GPL10558	methylation_gsm_GPL13534
P-003	GSM1668684	GSM1676126
P-008	GSM1668685	GSM1676127
P-009	GSM1668686	GSM1676128
P-041	GSM1668687	GSM1676129
P-060	GSM1668688	GSM1676130
P-081	GSM1668689	GSM1676131
P-097	GSM1668690	GSM1676132
P-163	GSM1668691	GSM1676133
P-179	GSM1668692	GSM1676134
P-201	GSM1668693	GSM1676135
P-206 	GSM1668694	GSM1676136
P-207	GSM1668695	GSM1676137
P-211	GSM1668696	GSM1676138
P-218 	GSM1668697	GSM1676139
P-226	GSM1668698	GSM1676140
P-229	GSM1668699	GSM1676141
P-243	GSM1668700	GSM1676142
P-254	GSM1668701	GSM1676143
P-255	GSM1668702	GSM1676144
P-262	GSM1668703	GSM1676145
P-263	GSM1668704	GSM1676146
P-264	GSM1668705	GSM1676147
P-266	GSM1668706	GSM1676148
P-267	GSM1668707	GSM1676149
P-269	GSM1668708	GSM1676150
P-277	GSM1668709	GSM1676151
P-280	GSM1668710	GSM1676152
P-282	GSM1668711	GSM1676153
P-297	GSM1668712	GSM1676154
P-298	GSM1668713	GSM1676155
P-300	GSM1668714	GSM1676156
P-310	GSM1668715	GSM1676157
P-335	GSM1668716	GSM1676158
P-336	GSM1668717	GSM1676159
P-337	GSM1668718	GSM1676160
P-353	GSM1668719	GSM1676161
P-354	GSM1668720	GSM1676162
P-358	GSM1668721	GSM1676163
P-366	GSM1668722	GSM1676164
P-367	GSM1668723	GSM1676165
P-370	GSM1668724	GSM1676166
P-386	GSM1668725	GSM1676167
P-395	GSM1668726	GSM1676168
P-397	GSM1668727	GSM1676169
P-399	GSM1668728	GSM1676170
P-401	GSM1668729	GSM1676171
P-406	GSM1668730	GSM1676172
P-408	GSM1668731	GSM1676173
P-409	GSM1668732	GSM1676174
P-410	GSM1668733	GSM1676175
P-411	GSM1668734	GSM1676176
P-412	GSM1668735	GSM1676177
P-413	GSM1668736	GSM1676178
P-416	GSM1668737	GSM1676179
P-417	GSM1668738	GSM1676180
P-418	GSM1668739	GSM1676181
P-420	GSM1668740	GSM1676182
P-421	GSM1668741	GSM1676183
P-422	GSM1668742	GSM1676184
P-423	GSM1668743	GSM1676185
P-426	GSM1668744	GSM1676186
P-427	GSM1668745	GSM1676187
P-429	GSM1668746	GSM1676188
P-433	GSM1668747	GSM1676189
P-434	GSM1668748	GSM1676190
P-438	GSM1668749	GSM1676191
P-442	GSM1668750	GSM1676192
P-443	GSM1668751	GSM1676193
P-445	GSM1668752	GSM1676194
P-454	GSM1668753	GSM1676195
P-455	GSM1668754	GSM1676196
P-456	GSM1668755	GSM1676197
P-457	GSM1668756	GSM1676198
P-460	GSM1668757	GSM1676199
P-462	GSM1668758	GSM1676200
P-464	GSM1668759	GSM1676201
P-466	GSM1668760	GSM1676202
P-467	GSM1668761	GSM1676203
P-468	GSM1668762	GSM1676204
P-469	GSM1668763	GSM1676205
P-471	GSM1668764	GSM1676206
P-474	GSM1668765	GSM1676207
P-475	GSM1668766	GSM1676208
P-478	GSM1668767	GSM1676209
P-479	GSM1668768	GSM1676210
P-481	GSM1668769	GSM1676211
P-482	GSM1668770	GSM1676212
P-483	GSM1668771	GSM1676213
P-484	GSM1668772	GSM1676214
P-485	GSM1668773	GSM1676215
P-487	GSM1668774	GSM1676216
P-488	GSM1668775	GSM1676217
P-491	GSM1668776	GSM1676218
P-493	GSM1668777	GSM1676219
P-496	GSM1668778	GSM1676220
P-500	GSM1668779	GSM1676221
P-503	GSM1668780	GSM1676222
P-504	GSM1668781	GSM1676223
P-505	GSM1668782	GSM1676224
P-506	GSM1668783	GSM1676225
P-507	GSM1668784	GSM1676226
P-509	GSM1668785	GSM1676227
P-510	GSM1668786	GSM1676228
P-512	GSM1668787	GSM1676229
P-513	GSM1668788	GSM1676230
P-516	GSM1668789	GSM1676231
P-518	GSM1668790	GSM1676232
P-519	GSM1668791	GSM1676233
P-520	GSM1668792	GSM1676234
P-524	GSM1668793	GSM1676235
P-525	GSM1668794	GSM1676236
P-526	GSM1668795	GSM1676237
P-527	GSM1668796	GSM1676238
P-529	GSM1668797	GSM1676239
P-531	GSM1668798	GSM1676240
P-532	GSM1668799	GSM1676241
P-533	GSM1668800	GSM1676242
P-535	GSM1668801	GSM1676243
P-536	GSM1668802	GSM1676244
P-537	GSM1668803	GSM1676245
P-538	GSM1668804	GSM1676246
