patient_id	expression_gsm	methylation_gsm	DACH1_expression	CADM1	ESR1	SLIT2	EDNRB	RARB	DAPK1	CDH1	MGMT	SOCS1	CDKN2A	MAL
P-003	GSM1668684	GSM1676126	276.3895	0.13483930739556874	0.11658131884283073	0.15160311955411251	0.032945254606865856	0.0803118312130563	0.052174258691241	0.08545204018415885	0.11193489202758453	0.24347345292809008	0.0431642305208132	0.23702309868581048
P-008	GSM1668685	GSM1676127	204.8029	0.3511823213169753	0.2708490638288431	0.5981266492848724	0.5196185168496046	0.07224895676208468	0.578700086666921	0.0955795038279464	0.06888063262503033	0.12036390647544253	0.057930024024035	0.41858637279154537
P-009	GSM1668686	GSM1676128	146.7872	0.43555964288940274	0.18369546171355094	0.5849833986265452	0.5111890261735097	0.056573256863360344	0.567918783768308	0.0755852310597113	0.09030868823092873	0.1418649016260719	0.05896893658438563	0.4059725716139052
P-041	GSM1668687	GSM1676129	134.1741	0.39303998765898623	0.19114984327184478	0.5756131029486227	0.38203648582792804	0.05812223012761112	0.455042905485059	0.059262470975460176	0.0706559323334032	0.11371512147755101	0.05218678294524787	0.34421708213583657
P-060	GSM1668688	GSM1676130	109.6921	0.15252498115818333	0.17946950027311687	0.3891566861007187	0.16036842084707353	0.06008806012714526	0.538653724699568	0.10719689226561895	0.05535689074705645	0.11757979183180203	0.06028180467518443	0.37758646212728897
P-081	GSM1668689	GSM1676131	148.2977	0.1438879184253239	0.18185249162070755	0.3938875290355817	0.4538983395857448	0.07383747556715481	0.17316827983186	0.12327281859744213	0.0760755881497775	0.13796985012299384	0.06003125650267843	0.35974121601690545
P-097	GSM1668690	GSM1676132	422.0877	0.10505343092559458	0.25595901271997695	0.5360502464079216	0.342132848605017	0.07968188228369492	0.541236048778486	0.09785808996883767	0.07186962367617927	0.14256096699540058	0.06163755098024829	0.41931106821234615
P-163	GSM1668691	GSM1676133	284.7138	0.1660091404089531	0.20898088701733686	0.25608921983586835	0.24781893474172204	0.05577064932007266	0.329708773377939	0.0925396984856322	0.05484579773458757	0.08546818022223934	0.0547262566943905	0.3208079809747262
P-179	GSM1668692	GSM1676134	305.2847	0.30815124738213073	0.1379518488782437	0.14951449260088467	0.4667625070846288	0.06452725032535325	0.343306108124491	0.09160802313644358	0.07463794784289868	0.13121674083328388	0.06554748917627111	0.5090805471979606
P-201	GSM1668693	GSM1676135	224.7746	0.12982964093388538	0.151625471827024	0.5488717769851637	0.38629143351016	0.0674263937248567	0.522853655070399	0.09278040970221775	0.055246653865970566	0.09648731945382018	0.0621556499944726	0.42129689218748523
P-206 	GSM1668694	GSM1676136	105.9362	0.30714396823309154	0.2987652383826109	0.5971694880418718	0.41092667350977835	0.07111975401215942	0.0319233356268136	0.07613115238155121	0.08466571902803194	0.16166387397780071	0.05315515660181339	0.399744642411216
P-207	GSM1668695	GSM1676137	151.8042	0.0957370727915757	0.176670732229637	0.38982540250720205	0.4039871658539658	0.06747688989202186	0.226067778004398	0.15391499718532345	0.07729148117211158	0.1354559018934171	0.06554553833412456	0.3550504686684444
P-211	GSM1668696	GSM1676138	145.8295	0.23277253196048725	0.15824930810186436	0.5014595377876597	0.2925670425813342	0.06318505056501324	0.156044601153082	0.0807779695984802	0.06372074410804152	0.09406077703396278	0.058941524317035865	0.4017922380935623
P-218 	GSM1668697	GSM1676139	583.7841	0.13759830065424383	0.16725158254450634	0.28984266646651763	0.0763761383968052	0.08389163293247232	0.119730335826231	0.1315292227463531	0.07942943405084227	0.17178439999675657	0.0549360973070023	0.2567311036489124
P-226	GSM1668698	GSM1676140	142.4817	0.13510333308935335	0.20477692989453797	0.35903839174340396	0.21479082972962873	0.08127393313813817	0.381231723413031	0.22619865311081858	0.06003724290058737	0.09710139890498952	0.0547281120089864	0.36147216769871104
P-229	GSM1668699	GSM1676141	226.1795	0.0777743497313383	0.23116984801802756	0.3246850737353947	0.12955761588840514	0.07358354872334874	0.245061601400251	0.1918430122899627	0.04896700088742835	0.09077754148414768	0.0605949248308851	0.34398209930793
P-243	GSM1668700	GSM1676142	121.988	0.15995843148741362	0.2149373570107605	0.5430326462208126	0.3289773325413052	0.2701176261550066	0.459444940685538	0.0969793821608021	0.06473474895818768	0.11175992099623347	0.0683938096874763	0.46543027007444815
P-254	GSM1668701	GSM1676143	147.0658	0.19946977830421114	0.19658068592742464	0.3922401973988427	0.2518993891032994	0.06453090766777411	0.525112225233522	0.09573842165019182	0.06465599676548157	0.12020486518086845	0.06258743555090433	0.348485198064544
P-255	GSM1668702	GSM1676144	133.3322	0.09030449964022846	0.28780271301372135	0.49494916687828766	0.2931434487552522	0.08104656137950078	0.107303298761222	0.11027770373049675	0.06872964572985682	0.14204136273791676	0.06705129620541873	0.38439511624190736
P-262	GSM1668703	GSM1676145	135.8449	0.2416897624173105	0.14196214039211272	0.15871658750178133	0.4985067565259242	0.06840192606043603	0.511185844469442	0.08983666582811742	0.06834156771874075	0.1051523703915989	0.0623106113877979	0.391176625415278
P-263	GSM1668704	GSM1676146	154.8821	0.22629548129315225	0.1084299003910539	0.4671520710421309	0.3312716220034936	0.07381926246146246	0.535288017013358	0.10522478578403457	0.06884642986160106	0.11009254103880523	0.06420426318052723	0.4055833238589267
P-264	GSM1668705	GSM1676147	126.3884	0.29883041251806175	0.21852132567884436	0.48653208358533834	0.407509421258191	0.3122466928535209	0.0440423722161193	0.08375701338310382	0.07334282971922004	0.10784795586908516	0.04938708869005962	0.4416754426436304
P-266	GSM1668706	GSM1676148	122.252	0.3220238182311772	0.261450102185213	0.36037760094278104	0.43964453442014123	0.06495808967015064	0.50068731640968	0.06321582498830192	0.0651522795152344	0.07865372202212667	0.05333136979777883	0.36936032759090665
P-267	GSM1668707	GSM1676149	201.4326	0.1131854075692649	0.2029699736449311	0.400526701034716	0.28409623474797197	0.08706051855440053	0.157452436490635	0.09057319429575918	0.0641213800895696	0.1328548541308847	0.052551671816595535	0.4397204431388996
P-269	GSM1668708	GSM1676150	106.0137	0.175296708760795	0.22681685681686542	0.09343870480758183	0.31466045800081766	0.06491922106304229	0.0518985393565163	0.08837909617690122	0.07311991398759768	0.15278319825782702	0.06118987218064246	0.4044397432667314
P-277	GSM1668709	GSM1676151	124.1261	0.18222366636633025	0.3170507691077265	0.47539953257807627	0.32923081168199264	0.06764932370943791	0.552507424238214	0.07393301403088197	0.06452307045342677	0.09763060330729542	0.05750278470920733	0.3356489431639206
P-280	GSM1668710	GSM1676152	113.6512	0.24835613374169024	0.14806557339484355	0.5031538082751247	0.39350020755874626	0.08008058098794987	0.0459677268227098	0.09507873771738573	0.0743891011520119	0.17805732358116413	0.06192737254064087	0.361056250733474
P-282	GSM1668711	GSM1676153	145.604	0.2574975571498455	0.13686799548874146	0.5354229971971574	0.44730909079016046	0.0655674412829639	0.567294671921429	0.0774610334726764	0.0653330469946424	0.11530877787340643	0.05451330335151516	0.3946712758909389
P-297	GSM1668712	GSM1676154	127.2628	0.14314026653653175	0.16427291915605263	0.06477421550422877	0.40586805610795607	0.09343774797555146	0.021746714502988	0.06800234607868917	0.0670058083017041	0.15777223257029457	0.059830341032033774	0.3801249963769926
P-298	GSM1668713	GSM1676155	127.1442	0.24613154781248575	0.17256719890828026	0.34515505757042936	0.34396598606089623	0.06412164624674742	0.562729740930541	0.09059364837061382	0.0711241358783909	0.12120495478927093	0.07093019321448474	0.3682320043652276
P-300	GSM1668714	GSM1676156	139.4463	0.14174832637883633	0.2036572292540057	0.4729577379430833	0.30619912780712943	0.07529967733474838	0.0350133505321187	0.10757550789662762	0.07641265231952073	0.16760771684240883	0.06295964268851668	0.38488297694224716
P-310	GSM1668715	GSM1676157	147.7647	0.383532853722253	0.264683603398383	0.52679892130788	0.31972867576698516	0.09273863245993827	0.038753435471794	0.09807711980660799	0.08906809213969608	0.125790204697455	0.05916021365675861	0.4547442747174054
P-335	GSM1668716	GSM1676158	145.7473	0.1214058093885774	0.20240763676050275	0.5322254145345277	0.37990619005263315	0.06810324184395754	0.468150099521832	0.1017945732220521	0.0787970868056352	0.12625402422660242	0.0537915874306622	0.3816491683557644
P-336	GSM1668717	GSM1676159	113.4564	0.2600796218106103	0.30614937096251615	0.4766750122624707	0.3694359614312978	0.5961260190089887	0.396702932022494	0.052242552522221194	0.05178043238625847	0.07563038239294502	0.0587455576316444	0.45594652070249414
P-337	GSM1668718	GSM1676160	126.6324	0.0998623519234717	0.2408383473045883	0.5638280741891971	0.4539538255928952	0.0668080569017102	0.306308107405561	0.08813677330122986	0.0685512550017921	0.11576811497469362	0.054788670639790336	0.4228504774973376
P-353	GSM1668719	GSM1676161	230.7176	0.11488131516157883	0.17350324776616402	0.08593698828883423	0.4383773861206882	0.07912394559989985	0.0616469306729117	0.1048349769039528	0.07373232524582998	0.14682493396048027	0.05106610530393787	0.3892214759821448
P-354	GSM1668720	GSM1676162	167.7655	0.3735179428459483	0.2976365765786095	0.36377024847532463	0.4949161220410917	0.09701363638836308	0.0276517203599323	0.07596846744943854	0.08109575860906817	0.21345815962493725	0.055026735988039005	0.4417454209740005
P-358	GSM1668721	GSM1676163	118.3076	0.1589428712539943	0.19351676801313114	0.4411680414602806	0.280525425283619	0.07391054300699691	0.0325588021549263	0.085527868241893	0.06853471326438593	0.12546782056741712	0.0500322118408666	0.3731559091201368
P-366	GSM1668722	GSM1676164	107.2042	0.3091579910688945	0.23219550782474474	0.4651162765044057	0.4492566685988321	0.07436582730291448	0.0421620467716956	0.06831885598141076	0.06893980103813392	0.12718359669459672	0.06538475952861604	0.3967157892327086
P-367	GSM1668723	GSM1676165	208.4951	0.2642271246988535	0.10347283166750026	0.46726042059953526	0.39806650576444225	0.06505968312291836	0.170068407757669	0.062016054412838376	0.05907750373493527	0.09629203791786399	0.05513954062732107	0.4952561654980448
P-370	GSM1668724	GSM1676166	229.948	0.12959955992008182	0.18899160361516454	0.10617973267521942	0.44210263620967183	0.058413993805229734	0.458585527330372	0.09045142548857961	0.07660928417888926	0.11582216757095584	0.06689916778449058	0.4395853596271072
P-386	GSM1668725	GSM1676167	131.2085	0.323267187557822	0.21493888090998442	0.38967687103472737	0.46656944978130604	0.0657375927067042	0.156743270864686	0.1054352121780826	0.06463703002060815	0.11549486505233474	0.0510601783980967	0.4055110068741435
P-395	GSM1668726	GSM1676168	112.9261	0.07690545228864237	0.42966498935495934	0.41738382024286397	0.3826146895545522	0.06457549316001088	0.443927490953011	0.05535126365039325	0.06462667895915603	0.08916229918293807	0.056532587164787464	0.4804640358284272
P-397	GSM1668727	GSM1676169	165.8289	0.1213401947805974	0.215395624996737	0.18529703570632736	0.46454274248354077	0.08283081334129565	0.0643189955211295	0.08379400134261995	0.06584832138279392	0.1487058806623086	0.05736925878251206	0.43727709959512884
P-399	GSM1668728	GSM1676170	127.0933	0.25096880524585596	0.19806693454929242	0.49194606530223334	0.5779835090270012	0.062449540310714126	0.0728788507231906	0.10852741682238667	0.0695933752263658	0.120465985101325	0.05929571553412363	0.4100962197990049
P-401	GSM1668729	GSM1676171	221.5708	0.270675001948804	0.1622477563968468	0.4940785260227087	0.4153235784668552	0.06987680125195561	0.0306112842343395	0.09412635293410596	0.05720250302841205	0.14362643668968608	0.0588668076617694	0.40975950795715554
P-406	GSM1668730	GSM1676172	130.202	0.36093982779212147	0.22808464769302478	0.579725425908752	0.418514127168487	0.12744930976905275	0.567294671921429	0.09523170673885181	0.06929401311477675	0.10382699025632573	0.0584289008193267	0.3837013521063727
P-408	GSM1668731	GSM1676173	119.3704	0.11513449850468838	0.2699807713410625	0.6103335816154004	0.5209017904015888	0.46554379498511145	0.0401734055197133	0.0729187367470867	0.07249642786424175	0.13407423964694207	0.05447193943760997	0.4417964341610114
P-409	GSM1668732	GSM1676174	131.7146	0.09779168345333131	0.2160952039451441	0.4214215575888076	0.4029986018176458	0.06647013319532212	0.0898376016345496	0.09423180388876262	0.06259467989954981	0.11890290172216908	0.0809288052289317	0.38180895712923224
P-410	GSM1668733	GSM1676175	101.3792	0.34059349566403924	0.35200949030455314	0.35290639146538	0.5289894281486202	0.0777630146758389	0.0275258601085258	0.0690592720448864	0.07507847013838877	0.1251469669339737	0.061352587312831795	0.4186241708356461
P-411	GSM1668734	GSM1676176	198.2049	0.09380182397875808	0.1777805226600116	0.5097057909740664	0.38431321969873916	0.34346359487090783	0.0423927988125909	0.0927046235861293	0.06460219169706492	0.1294548411019615	0.0666072079861004	0.4092220397513149
P-412	GSM1668735	GSM1676177	161.2636	0.09793546065389636	0.19734830325900513	0.48630009974117266	0.4853327742898802	0.07349446272719647	0.213958193535379	0.09868837714354195	0.07069613573006728	0.11131949581587368	0.05843610497385676	0.3008761570081969
P-413	GSM1668736	GSM1676178	121.1721	0.1856178974483655	0.30113230930844664	0.4375653773573854	0.2821014093424816	0.15878673884478411	0.34385136037121	0.12314608756897508	0.06696058662849377	0.1123939306900846	0.05847367473013384	0.36877513016810864
P-416	GSM1668737	GSM1676179	153.828	0.09576307850535845	0.1737048228069352	0.3919665262072393	0.34782639164530604	0.06929957828037411	0.0957621845714081	0.11620872038313859	0.0729510044886188	0.11338369555577069	0.058747760362776034	0.3662976366974367
P-417	GSM1668738	GSM1676180	141.1025	0.12668085316671537	0.17106262154767687	0.06396828716226137	0.2991423815468742	0.08566714449655088	0.549598244445905	0.07773932140859674	0.06469369779884626	0.1364424649656754	0.07199590199927036	0.39657366497419444
P-418	GSM1668739	GSM1676181	131.4525	0.07463832622175684	0.14191759157471215	0.216243764058333	0.2860581491600694	0.059256409452085525	0.0743641350635901	0.06618261651302419	0.0542823269325747	0.08041927005627567	0.056871107325267005	0.4419705349857456
P-420	GSM1668740	GSM1676182	141.2747	0.10163245343310959	0.2738369284766441	0.4549704795937637	0.4097319612523992	0.06816514046708519	0.382058836430906	0.06901230479451508	0.0683051708778844	0.10041108321972164	0.057372804230413965	0.40026046406751464
P-421	GSM1668741	GSM1676183	105.6456	0.09541931702232873	0.27843158827214104	0.46156265861494533	0.3964744225353136	0.05907417096769332	0.400228843938877	0.08188673475095187	0.0900298702106761	0.09616284956067156	0.06077424810516476	0.41831649828732137
P-422	GSM1668742	GSM1676184	170.8764	0.5579765138798057	0.18656875518397278	0.7758036021927867	0.7438985024999988	0.1553024048278754	0.0379201717590386	0.08007447103045497	0.06892967521376225	0.135862478731849	0.05872618954615513	0.36661936406277
P-423	GSM1668743	GSM1676185	210.4577	0.14240097677434874	0.1679358723922705	0.4114782491714493	0.24318183765737258	0.055046815520924164	0.130405966326272	0.07816164624520545	0.062336500081445395	0.09038531000219682	0.06242767717395497	0.34790480248896244
P-426	GSM1668744	GSM1676186	138.692	0.3133846681658765	0.24204294919356084	0.22960416382627433	0.45144625340559363	0.06318290981212334	0.150664881694114	0.07615268986195332	0.0665977546857244	0.11518526800436288	0.0522368417394334	0.35738186080714524
P-427	GSM1668745	GSM1676187	121.4479	0.38672193447659725	0.25906205445030434	0.129808480219143	0.4026262730760274	0.06979511868146716	0.376599936774395	0.09752832027905041	0.06750590613395621	0.11157755404983782	0.07051428831834113	0.402952076626808
P-429	GSM1668746	GSM1676188	115.4386	0.12799916085405505	0.1840581124990856	0.5357060631021967	0.5483249119554666	0.08633271295719755	0.437577964382985	0.06727113297121147	0.0654989190879366	0.11271323361277016	0.05361962896861363	0.42388127060546027
P-433	GSM1668747	GSM1676189	149.3528	0.49447278120996774	0.12658692614911196	0.6004121032084883	0.5084857613334778	0.07271122177557729	0.536330404667792	0.07682407043562187	0.0715715814108015	0.12378633959871033	0.0573212241558928	0.3518528088640296
P-434	GSM1668748	GSM1676190	161.927	0.19075123252251683	0.15895394429106727	0.451727248779296	0.4262301638043966	0.06840383016664231	0.504463598079158	0.11926846106375925	0.0660903070858789	0.11571807236276632	0.0654183368837961	0.3341252279420686
P-438	GSM1668749	GSM1676191	150.6311	0.25983931150736	0.24985094508064204	0.4293362612986286	0.2643346607583148	0.060840132698038604	0.0632767364298158	0.08842422810866386	0.06505147806111385	0.13193503416510036	0.06958027111091274	0.3826648426531588
P-442	GSM1668750	GSM1676192	158.2973	0.37084474816118673	0.19279877228400574	0.5180566365533716	0.4756430777905827	0.07530956406946064	0.159828142376087	0.1343065374811638	0.05791323772486017	0.10589405434939754	0.0536306839630424	0.42680080532091447
P-443	GSM1668751	GSM1676193	114.8563	0.12617947546737687	0.1821870016566953	0.19066490287633	0.30777482367559245	0.0949465837983283	0.0701607202619644	0.16802077064400323	0.066759036916615	0.15676646482083015	0.0685534094710885	0.4575173534595737
P-445	GSM1668752	GSM1676194	141.819	0.0885602079522837	0.3081894079985743	0.4901756868706306	0.4062940563990054	0.5528890127187844	0.51889702530407	0.06897482489378509	0.185302316089088	0.09921573237539164	0.0563730885389175	0.39101870785861825
P-454	GSM1668753	GSM1676195	127.5542	0.11733262676205476	0.19213653894638685	0.3995053999014764	0.4105549034557952	0.06863124379165775	0.0212781356716271	0.07636025175325928	0.07123878960432502	0.14628157605100392	0.0550370515723999	0.35262186873981277
P-455	GSM1668754	GSM1676196	167.4706	0.1767169491718535	0.2119364348057795	0.12336629234117065	0.33281574999042524	0.06726290769148417	0.086905124648443	0.09897776570628201	0.15492134019416376	0.10238188708574636	0.06866353915631578	0.4131420322773306
P-456	GSM1668755	GSM1676197	120.5944	0.08775734362936743	0.23290689992796876	0.24971479789345666	0.2139662373648809	0.0840546805033158	0.438723062245118	0.07184281217789873	0.06715289332616928	0.09165283073347322	0.06534003155252059	0.402247823358
P-457	GSM1668756	GSM1676198	102.4812	0.39114271406345874	0.3669592675557072	0.27507764729895934	0.2181344755320262	0.08239075115978596	0.538918792980202	0.05791424103939833	0.06382515350476248	0.0926482763348431	0.06985845007793824	0.3213919087110953
P-460	GSM1668757	GSM1676199	179.4796	0.10725993690212304	0.14918552060048057	0.5628408039946294	0.5782680275568468	0.07112135640347139	0.0729111582663146	0.12643574767674054	0.0583053195821256	0.12889257157356868	0.07498023258070663	0.3158790108432555
P-462	GSM1668758	GSM1676200	117.888	0.32756896021166276	0.32676941876270466	0.37438291293846904	0.39673742862363	0.06792678211853943	0.0478760071582034	0.0844933354107368	0.05776113030875857	0.10299188197847954	0.055890833161908404	0.4756062739891778
P-464	GSM1668759	GSM1676201	129.3845	0.07796786037106394	0.13702416488759445	0.4765525107153559	0.3765359077290794	0.06426013085186692	0.0393314061718196	0.06634364303878268	0.061422272357138444	0.1051410146552448	0.055356646299424266	0.395802406495608
P-466	GSM1668760	GSM1676202	115.4356	0.10074693275907289	0.17603640566871417	0.44679348306780037	0.36039062844835024	0.075608719517453	0.491040238125881	0.0689710633148721	0.07603810798990703	0.13403281727178185	0.05475915636069597	0.48102193556007833
P-467	GSM1668761	GSM1676203	124.9767	0.12174851223909053	0.22630137346446427	0.5615148382044199	0.45032836209359905	0.06952733821954733	0.16520136413448	0.09948875862535218	0.06726092919238397	0.10673539766278145	0.04904051669771397	0.3915457158656091
P-468	GSM1668762	GSM1676204	129.2583	0.4585305707860805	0.15833406361623997	0.5550938757379614	0.5165616596240612	0.10866001605530906	0.567340287028127	0.06919866621985428	0.059809274164949654	0.11364338749639477	0.0580221017993963	0.4066512881932896
P-469	GSM1668763	GSM1676205	139.4099	0.1501028311728808	0.25506199057039897	0.34218146799342164	0.316685568341906	0.062407049212579724	0.421282916613738	0.11772637629301273	0.06378464672593437	0.10777592605475983	0.0630777463356953	0.3892796198382101
P-471	GSM1668764	GSM1676206	121.481	0.1251220740188292	0.17080658588329412	0.13830099056172	0.43114652161400147	0.13971323515354345	0.103750689506895	0.0953691772174234	0.0688745894059572	0.1364789174417009	0.07022630590114116	0.42493158240179374
P-474	GSM1668765	GSM1676207	125.8651	0.10386395420957506	0.16779655639105687	0.3680897629527807	0.3340845903881828	0.08986763227965319	0.574427744273993	0.07966100183522463	0.06848415697772238	0.12091724839757215	0.0523554167508872	0.36540624663999655
P-475	GSM1668766	GSM1676208	117.8814	0.19444526383646876	0.14936363283730433	0.398071311963667	0.328176674615544	0.07403807044670471	0.115314348203923	0.08839570222818957	0.0639950764167399	0.1042700965265896	0.07070156810869717	0.45464213780078533
P-478	GSM1668767	GSM1676209	156.4175	0.2728822084048415	0.20659290130427313	0.29362954291746163	0.30587154147345896	0.07324619815850966	0.0898320800247179	0.09080781764391432	0.07134334436589904	0.10875758320417468	0.058280577186063574	0.5378495981580126
P-479	GSM1668768	GSM1676210	104.7132	0.44318690478733774	0.22988319845896113	0.6638008667087311	0.579957191110675	0.08185806456452031	0.616683936546367	0.06327330048147725	0.07463644378689242	0.14201934323577114	0.07339726369007049	0.14166283809612654
P-481	GSM1668769	GSM1676211	108.1318	0.25297943513848953	0.18637297551011858	0.32911811807600233	0.4603341787342391	0.0639661719685552	0.0422457223008215	0.08003136494816417	0.0844070118020459	0.14515941964680062	0.07092155763243925	0.3794843233954694
P-482	GSM1668770	GSM1676212	136.8272	0.11319159602575421	0.21947546938022783	0.37253706233419864	0.39503163512074957	0.08144316037777613	0.323548548375975	0.10923893577417305	0.07165595841623505	0.1146088457615952	0.06795600225524294	0.3627620058269593
P-483	GSM1668771	GSM1676213	203.1131	0.10533852613863626	0.1935430148128969	0.2762311925266923	0.23849829792970442	0.07540350308864055	0.257543244006164	0.11993411285206004	0.07017772931418877	0.12744202512944822	0.06500767903664256	0.3608986185543594
P-484	GSM1668772	GSM1676214	107.9349	0.12195582732069368	0.24455904093295752	0.5648206873365297	0.4139466384602725	0.3538893425573032	0.0336188926666614	0.08286985867346283	0.0738099065659971	0.1362210365347527	0.0526261955564333	0.3920404463750956
P-485	GSM1668773	GSM1676215	119.3987	0.11444767388779828	0.17473799451918648	0.503112694667346	0.46033410465732183	0.06955386347318085	0.54061013722085	0.10848255323676467	0.0619471209326782	0.11220962895044145	0.06440573634060116	0.3537861562281982
P-487	GSM1668774	GSM1676216	107.8489	0.10620152074162473	0.2671451034643747	0.5102526767965073	0.2809385680328023	0.06637364324350614	0.0965413139411371	0.11957556058748303	0.06391728143251171	0.11743308550137878	0.05855624621600917	0.4105972895269744
P-488	GSM1668775	GSM1676217	155.9129	0.08519953971104804	0.1952940702046907	0.385099406797748	0.3112838538102778	0.0717946761413611	0.313413856414403	0.1693412800052169	0.06798610754095018	0.1120623511217024	0.06107783091957503	0.3761216379465721
P-491	GSM1668776	GSM1676218	172.3551	0.12224603396423978	0.2774214462966352	0.14097769824424833	0.47898682515357677	0.06601727421692742	0.130009772622427	0.1568274417277494	0.07055601460237805	0.117913130453699	0.06201325947202504	0.45138189465426953
P-493	GSM1668777	GSM1676219	251.9347	0.08430415066822262	0.16663733015339263	0.389389027510034	0.3919461554522864	0.16946698935963994	0.468381011106703	0.1225800314108374	0.06199430840857757	0.11874292623021272	0.056075776492555296	0.4109365264789842
P-496	GSM1668778	GSM1676220	120.8451	0.2504074729624093	0.23748546651876706	0.356075365701791	0.25248749738601395	0.3958611608201058	0.0377626935033873	0.07463282145985355	0.0594229891633112	0.09836356184058181	0.058138132596099006	0.39921386037380746
P-500	GSM1668779	GSM1676221	201.0372	0.25894027170477524	0.15867562651850342	0.1345945691546497	0.40451122309458976	0.07192165473919383	0.38771574235602	0.11859301222827576	0.061845032070712354	0.11467540171178793	0.06638817015845017	0.34585305254752685
P-503	GSM1668780	GSM1676222	127.6493	0.11339443271021332	0.17513089533739656	0.5361672070743473	0.43824148331933577	0.06504202267613371	0.388770242370261	0.12270872669736033	0.06512107868134352	0.12088842784314133	0.06300258989288353	0.5589937554846351
P-504	GSM1668781	GSM1676223	120.9293	0.09838815094908943	0.2588928879117526	0.32074748480450865	0.344905756438709	0.06308165261473311	0.0783745363255884	0.08501792534959701	0.05953533748885352	0.12982946847546817	0.05941815444513027	0.3851940010026924
P-505	GSM1668782	GSM1676224	276.4303	0.12379762935918891	0.17187175990606166	0.256192557503172	0.3901314628267064	0.06447634364679725	0.156743270864686	0.160251741939928	0.063094600163449	0.15864806603984996	0.06865093820350184	0.30718979092603604
P-506	GSM1668783	GSM1676225	123.3356	0.3588360290878075	0.3329009491095618	0.5025756917060953	0.462350312118608	0.06454303253117066	0.526679104781671	0.08198373373289627	0.06291068164851282	0.0899699389491907	0.051440807808275126	0.4979291177223373
P-507	GSM1668784	GSM1676226	171.0876	0.08633284533587048	0.1840521613935448	0.4047026703877173	0.36301117576820624	0.06889538688091326	0.0788694286666105	0.0893569688136605	0.17847778406401352	0.09917342966750073	0.0608843513517263	0.3933120684640998
P-509	GSM1668785	GSM1676227	125.8404	0.2745313394541672	0.16266229499579887	0.3341883805566474	0.3057140543258126	0.06983992296224951	0.0482670473671972	0.0865159425308556	0.06864725919024378	0.13666972663034027	0.056593839453814965	0.4269947779958284
P-510	GSM1668786	GSM1676228	140.3716	0.11785774353687004	0.2110055491240179	0.4177491357135514	0.504117577177139	0.1162390366315097	0.0277155017581572	0.09281942806323024	0.08060405127607229	0.17790688637104418	0.07630634019258564	0.4010145346719286
P-512	GSM1668787	GSM1676229	432.1345	0.11258644382996698	0.23753917228780377	0.27603923177715	0.433271051454209	0.0675418063569856	0.207943171096853	0.11084714450445682	0.0635609038158569	0.10660865104630532	0.059757332377887634	0.3602896291571052
P-513	GSM1668788	GSM1676230	135.8639	0.37360576784521327	0.1609579421179856	0.41578823448268637	0.46169352713884687	0.064242233760464	0.145973033544194	0.09065764061895443	0.06880411356102031	0.13788512728475083	0.05745280580213796	0.4179730414563353
P-516	GSM1668789	GSM1676231	262.5803	0.06689368005138767	0.0860824864536326	0.0567377749841697	0.4656598139797434	0.06918475984675165	0.0340082705726826	0.0570679868181626	0.24060604248149778	0.1161154936810111	0.06548700623153626	0.43404706344547944
P-518	GSM1668790	GSM1676232	120.8841	0.3281811694069848	0.28958650995055457	0.5183311599289133	0.5157184695947274	0.08774241794926732	0.035712915450957	0.07077139699908179	0.30882663798305	0.11450649548865352	0.06280621384668643	0.5293309915425514
P-519	GSM1668791	GSM1676233	102.9242	0.5794390852034523	0.17928990847407855	0.421881940944616	0.5611885055779902	0.07521171605127965	0.469450903912751	0.0898363302359809	0.0766913568528335	0.13648518347655458	0.060921118188956326	0.498032300725438
P-520	GSM1668792	GSM1676234	146.7463	0.10426242257947274	0.20578973345797105	0.21390642500125231	0.296211159919958	0.07618398215337346	0.0652180231546147	0.13864622561661144	0.0660499520585828	0.14355171409489953	0.1100484559439438	0.3908807490174934
P-524	GSM1668793	GSM1676235	177.7368	0.09234654993320524	0.293728082940936	0.5134037792185387	0.3418903916110837	0.06882332544219776	0.0361571961515401	0.07608580762997988	0.08440203514885175	0.1613858590361297	0.06858780685733383	0.42919097218719493
P-525	GSM1668794	GSM1676236	145.087	0.09739336797383018	0.22979307529353354	0.26219011725771263	0.24974710513763854	0.09121851318805577	0.0865369738894285	0.11196674192846401	0.07043820131864027	0.1411175054632664	0.05912638148417723	0.39971795257492754
P-526	GSM1668795	GSM1676237	133.4552	0.30546589849432376	0.16890863278913548	0.5325238040005581	0.31829022050732314	0.0694546286671151	0.0300679854117764	0.0857778438403447	0.08238790487263006	0.1536534153775611	0.059172445670905564	0.42523903753887266
P-527	GSM1668796	GSM1676238	170.6653	0.10370520057395752	0.14521436837549737	0.5559860915302247	0.5492760168756172	0.08656315761995792	0.0752240363636156	0.09422087904261367	0.07148045692832486	0.18656284681860524	0.057449771495472535	0.4378809063672258
P-529	GSM1668797	GSM1676239	114.9723	0.1882559118470799	0.30235550384892157	0.5731078801161287	0.3085332848465498	0.3161495058660283	0.0524878475257671	0.060556226838392346	0.06745082919190915	0.11864939737377468	0.04546417627597899	0.4896337131644892
P-531	GSM1668798	GSM1676240	125.7632	0.28332915071537773	0.15527516006795697	0.529650556784062	0.43515828020428166	0.06178871796896388	0.0463651600513013	0.06153777190216615	0.06900087705426203	0.09372487704742588	0.05267896827430713	0.4534393667319656
P-532	GSM1668799	GSM1676241	109.4769	0.07354274485897275	0.2329434332418914	0.4732596258311274	0.42349133894057694	0.059002380627078924	0.438988056442805	0.07652349668919199	0.06780442552671502	0.09683647101151925	0.05423471045207697	0.399257520232015
P-533	GSM1668800	GSM1676242	121.0728	0.22114129862450665	0.33088861104134926	0.45740461125686904	0.3362753834334088	0.09327441832326544	0.48592157790194	0.06515467087978401	0.07897894819649465	0.1243898520041738	0.052336713401569396	0.4113614295282099
P-535	GSM1668801	GSM1676243	116.2559	0.32642691737985174	0.1665775770619448	0.5077090288410293	0.41676135998633884	0.08424867909778619	0.440928583975543	0.056792897205685526	0.07065349383260093	0.09067009329589332	0.059157803982012834	0.4456518501231196
P-536	GSM1668802	GSM1676244	133.1367	0.09164234648142132	0.17226068751138712	0.425837154723048	0.39908756262813544	0.0787802560929216	0.0696632436455893	0.10080872640411247	0.0841949918330463	0.12824502362959325	0.0586217273093691	0.5264604606633052
P-537	GSM1668803	GSM1676245	152.0804	0.20380272165140922	0.15388246460284652	0.42738232068655596	0.21556913422981	0.0675434670142557	0.35565138342977	0.0869765880346031	0.0679123166743062	0.12708301410129755	0.06471381461845874	0.44205749620131485
P-538	GSM1668804	GSM1676246	119.6425	0.14097601935298154	0.23899002680467796	0.21276809401560734	0.38315412925295883	0.08485342700146178	0.0557400949867776	0.0808446626532669	0.0680987814963307	0.124499111508047	0.05386065248014651	0.4387632665477314
